{
    "value0": 2,
    "value1": 4294967295,
    "value2": 0,
    "value3": 1,
    "value4": 0,
    "value5": {
        "id": {
            "UUID32": 1770925886
        }
    },
    "value6": 1,
    "value7": 0,
    "value8": {
        "tag": "simulation"
    },
    "value9": 1,
    "value10": 0,
    "value11": {
        "parent": {
            "UUID32": 0
        },
        "children": []
    },
    "value12": 1,
    "value13": 0,
    "value14": {
        "transform": {
            "value0": {
                "x": 10.0,
                "y": 0.0,
                "z": 0.0,
                "w": 0.0
            },
            "value1": {
                "x": 0.0,
                "y": 10.0,
                "z": 0.0,
                "w": 0.0
            },
            "value2": {
                "x": 0.0,
                "y": 0.0,
                "z": 10.0,
                "w": 0.0
            },
            "value3": {
                "x": 0.0,
                "y": 10.0,
                "z": 0.0,
                "w": 1.0
            }
        }
    },
    "value15": 1,
    "value16": 0,
    "value17": {
        "description": {
            "timeStep": 0.0015999999595806003,
            "globalDamping": 1.0,
            "particleRadius": 0.004000000189989805,
            "homogeneity": 0.009999999776482582,
            "restDensity": 1000.0,
            "stiffness": 3.0,
            "viscosity": 1.0,
            "boundsDamping": 256.0,
            "boundsStiffness": 65536.0,
            "boundsDampingCritical": 60.0,
            "maxParticlesInCellCount": 32,
            "gravity": {
                "x": 0.0,
                "y": -9.8100004196167,
                "z": 0.0
            },
            "worldMin": {
                "x": -0.5,
                "y": -0.5,
                "z": -1.0
            },
            "worldMax": {
                "x": 0.5,
                "y": 0.5,
                "z": 1.0
            },
            "particleVolumes": [
                {
                    "sourceMesh": "Resources/Models/Cube.obj",
                    "scale": {
                        "x": 0.4749999940395355,
                        "y": 0.4749999940395355,
                        "z": 0.10000000149011612
                    },
                    "offset": {
                        "x": 0.0,
                        "y": 0.0,
                        "z": -0.5950000286102295
                    },
                    "resolution": {
                        "x": 10,
                        "y": 10,
                        "z": 10
                    },
                    "sampleMode": 2
                }
            ],
            "stepCount": 1
        }
    },
    "value18": 1,
    "value19": 0,
    "value20": {
        "shaderSource": "Resources/Shaders/Normal/PointDiffuseShader.glsl",
        "properties": [
            72,
            225,
            58,
            63,
            72,
            225,
            58,
            63,
            72,
            225,
            58,
            63,
            0,
            0,
            128,
            63
        ]
    },
    "value21": 0,
  "sceneData": {
    "cameraPosition": {
      "x": 16.387718200683595,
      "y": 9.971976280212403,
      "z": -0.03666623681783676
    },
    "cameraPivot": {
      "x": -2.3131351470947267,
      "y": 10.085411071777344,
      "z": -0.022534344345331193
    },
    "readMe": ""
  }
}