{
    "value0": 5,
    "value1": 4294967295,
    "value2": 0,
    "value3": 1,
    "value4": 2,
    "value5": 3,
    "value6": 4,
    "value7": 0,
    "value8": {
        "id": {
            "UUID32": 1428596812
        }
    },
    "value9": 1,
    "value10": {
        "id": {
            "UUID32": 2802649933
        }
    },
    "value11": 2,
    "value12": {
        "id": {
            "UUID32": 646016093
        }
    },
    "value13": 3,
    "value14": {
        "id": {
            "UUID32": 2156438973
        }
    },
    "value15": 4,
    "value16": 0,
    "value17": {
        "tag": "Sponza"
    },
    "value18": 1,
    "value19": {
        "tag": "Bunny"
    },
    "value20": 2,
    "value21": {
        "tag": "Torus"
    },
    "value22": 3,
    "value23": {
        "tag": "Box"
    },
    "value24": 4,
    "value25": 0,
    "value26": {
        "parent": {
            "UUID32": 0
        },
        "children": []
    },
    "value27": 1,
    "value28": {
        "parent": {
            "UUID32": 0
        },
        "children": []
    },
    "value29": 2,
    "value30": {
        "parent": {
            "UUID32": 0
        },
        "children": []
    },
    "value31": 3,
    "value32": {
        "parent": {
            "UUID32": 0
        },
        "children": []
    },
    "value33": 4,
    "value34": 0,
    "value35": {
        "transform": {
            "value0": {
                "x": 1.0,
                "y": 0.0,
                "z": 0.0,
                "w": 0.0
            },
            "value1": {
                "x": 0.0,
                "y": 1.0,
                "z": 0.0,
                "w": 0.0
            },
            "value2": {
                "x": 0.0,
                "y": 0.0,
                "z": 1.0,
                "w": 0.0
            },
            "value3": {
                "x": 0.0,
                "y": 0.0,
                "z": 0.0,
                "w": 1.0
            }
        }
    },
    "value36": 1,
    "value37": {
        "transform": {
            "value0": {
                "x": -0.44807374477386477,
                "y": -6.765725402146927e-8,
                "z": -0.8939966559410095,
                "w": 0.0
            },
            "value1": {
                "x": -1.600606580609565e-8,
                "y": 1.0,
                "z": -6.765725402146927e-8,
                "w": 0.0
            },
            "value2": {
                "x": 0.8939966559410095,
                "y": -1.600606580609565e-8,
                "z": -0.44807374477386477,
                "w": 0.0
            },
            "value3": {
                "x": 0.0,
                "y": 0.8500000238418579,
                "z": 0.0,
                "w": 1.0
            }
        }
    },
    "value38": 2,
    "value39": {
        "transform": {
            "value0": {
                "x": -0.5824956297874451,
                "y": 1.1621955633163453,
                "z": 0.0,
                "w": 0.0
            },
            "value1": {
                "x": -1.1621955633163453,
                "y": -0.5824956297874451,
                "z": 0.0,
                "w": 0.0
            },
            "value2": {
                "x": 0.0,
                "y": 0.0,
                "z": 1.2999999523162842,
                "w": 0.0
            },
            "value3": {
                "x": -1.0,
                "y": 0.8500000238418579,
                "z": 0.0,
                "w": 1.0
            }
        }
    },
    "value40": 3,
    "value41": {
        "transform": {
            "value0": {
                "x": -0.12484410405158997,
                "y": -1.8850940364245618e-8,
                "z": -0.27278921008110049,
                "w": 0.0
            },
            "value1": {
                "x": -8.217433844492917e-9,
                "y": 0.6000000238418579,
                "z": -3.770188072849123e-8,
                "w": 0.0
            },
            "value2": {
                "x": 0.27278921008110049,
                "y": -4.108716922246458e-9,
                "z": -0.12484410405158997,
                "w": 0.0
            },
            "value3": {
                "x": 1.0,
                "y": 0.4000000059604645,
                "z": -1.0,
                "w": 1.0
            }
        }
    },
    "value42": 0,
    "value43": 4,
    "value44": 0,
    "value45": {
        "shaderSource": "Resources/Shaders/Normal/BasicDiffuseShader.glsl",
        "properties": [
            205,
            204,
            204,
            62,
            205,
            204,
            204,
            62,
            205,
            204,
            204,
            62,
            0,
            0,
            128,
            63
        ]
    },
    "value46": 1,
    "value47": {
        "shaderSource": "Resources/Shaders/Normal/BasicDiffuseShader.glsl",
        "properties": [
            0,
            0,
            0,
            63,
            205,
            204,
            76,
            62,
            205,
            204,
            76,
            62,
            0,
            0,
            128,
            63
        ]
    },
    "value48": 2,
    "value49": {
        "shaderSource": "Resources/Shaders/Normal/BasicDiffuseShader.glsl",
        "properties": [
            205,
            204,
            76,
            62,
            0,
            0,
            0,
            63,
            205,
            204,
            76,
            62,
            0,
            0,
            128,
            63
        ]
    },
    "value50": 3,
    "value51": {
        "shaderSource": "Resources/Shaders/Normal/BasicDiffuseShader.glsl",
        "properties": [
            205,
            204,
            76,
            62,
            205,
            204,
            76,
            62,
            0,
            0,
            0,
            63,
            0,
            0,
            128,
            63
        ]
    },
    "value52": 4,
    "value53": 0,
    "value54": {
        "meshSource": "Resources/Models/Sponza.obj"
    },
    "value55": 1,
    "value56": {
        "meshSource": "Resources/Models/Bunny.obj"
    },
    "value57": 2,
    "value58": {
        "meshSource": "Resources/Models/Torus.obj"
    },
    "value59": 3,
    "value60": {
        "meshSource": "Resources/Models/Cube.obj"
    },
    "sceneData": {
        "cameraPosition": {
            "x": 5.6204609870910648,
            "y": 1.385074496269226,
            "z": -0.07414737343788147
        },
        "cameraPivot": {
            "x": 0.015615708194673062,
            "y": 1.3585395812988282,
            "z": -0.03952481225132942
        },
        "readMe": "Lorem ipsum dolor sit amet, consectetuer adipiscing elit. Integer rutrum, orci vestibulum ullamcorper ultricies, lacus quam ultricies odio, vitae placerat pede sem sit amet enim. In laoreet, magna id viverra tincidunt, sem odio bibendum justo, vel imperdiet sapien wisi sed libero. Nullam faucibus mi quis velit. Nullam feugiat, turpis at pulvinar vulputate, erat libero tristique tellus, nec bibendum odio risus sit amet ante. Nam sed tellus id magna elementum tincidunt. Aliquam erat volutpat. Duis ante orci, molestie vitae vehicula venenatis, tincidunt ac pede. Aliquam erat volutpat. Duis condimentum augue id magna semper rutrum. Curabitur bibendum justo non orci. Nulla non lectus sed nisl molestie malesuada. Vestibulum fermentum tortor id mi. Phasellus rhoncus. Donec ipsum massa, ullamcorper in, auctor et, scelerisque sed, est. Etiam ligula pede, sagittis quis, interdum ultricies, scelerisque eu. "
    }
}