{
    "value0": 2,
    "value1": 4294967295,
    "value2": 0,
    "value3": 1,
    "value4": 0,
    "value5": {
        "value0": {
            "UUID32": 504018696
        }
    },
    "value6": 1,
    "value7": 0,
    "value8": {
        "value0": "simulation"
    },
    "value9": 1,
    "value10": 0,
    "value11": {
        "value0": {
            "UUID32": 0
        },
        "value1": []
    },
    "value12": 1,
    "value13": 0,
    "value14": {
        "value0": {
            "value0": {
                "x": 1.0,
                "y": 0.0,
                "z": 0.0,
                "w": 0.0
            },
            "value1": {
                "x": 0.0,
                "y": 1.0,
                "z": 0.0,
                "w": 0.0
            },
            "value2": {
                "x": 0.0,
                "y": 0.0,
                "z": 1.0,
                "w": 0.0
            },
            "value3": {
                "x": 0.0,
                "y": 0.0,
                "z": 0.0,
                "w": 1.0
            }
        }
    },
    "value15": 1,
    "value16": 0,
    "value17": {
        "value0": {
            "timeStep": 0.0015999999595806003,
            "globalDamping": 1.0,
            "particleRadius": 0.004000000189989805,
            "homogenity": 0.009999999776482582,
            "restDensity": 1000.0,
            "stiffness": 4.0,
            "viscosity": 0.5,
            "boundsDamping": 256.0,
            "boundsStiffness": 65536.0,
            "boundsDampingCritical": 60.0,
            "maxParticlesInCellCount": 32,
            "gravity": {
                "x": 0.0,
                "y": -9.8100004196167,
                "z": 0.0
            },
            "worldMin": {
                "x": -0.30000001192092898,
                "y": -0.30000001192092898,
                "z": -0.30000001192092898
            },
            "worldMax": {
                "x": 0.30000001192092898,
                "y": 0.30000001192092898,
                "z": 0.30000001192092898
            },
            "particleVolumes": [
                {
                    "sourceMesh": "res/Models/Cube.obj",
                    "scale": {
                        "x": 0.27300000190734866,
                        "y": 0.019999999552965165,
                        "z": 0.27300000190734866
                    },
                    "position": {
                        "x": 0.0,
                        "y": -0.25,
                        "z": 0.0
                    },
                    "resolution": {
                        "x": 10,
                        "y": 10,
                        "z": 10
                    },
                    "sampleMode": 2
                },
                {
                    "sourceMesh": "res/Models/Sphere.obj",
                    "scale": {
                        "x": 0.10000000149011612,
                        "y": 0.10000000149011612,
                        "z": 0.10000000149011612
                    },
                    "position": {
                        "x": 0.0,
                        "y": 0.0,
                        "z": 0.0
                    },
                    "resolution": {
                        "x": 10,
                        "y": 10,
                        "z": 10
                    },
                    "sampleMode": 2
                }
            ]
        }
    }
}